ID,Image,Title,Author,Tag,Category,Content,Article Link
1,https://www.netmatters.co.uk/assets/images/thumbnails/thumb/senior-web-developer-8f6n.jpg,Senior Web Developer / Systems Architect,Simon Wright,Careers,Web Design,"Salary Range £40-50k DOE + Bonus + Benefits Hours 40 hours per week, Mon – Fri. Flexible working hou…",https://www.netmatters.co.uk/our-careers/senior-web-developer
2,https://www.netmatters.co.uk/assets/images/thumbnails/thumb/mid-level-web-developer-HAEH.jpg,Mid-Level Web Developer,Simon Wright,Careers,Web Design,"Salary Range 25-37k DOE + Bonus + Benefits Hours 40 hours per week, Mon – Fri. Flexible working hour...",https://www.netmatters.co.uk/our-careers/mid-level-web-developer
3,https://www.netmatters.co.uk/assets/images/thumbnails/thumb/november-notables-2022-hYCg.jpg,November Notables 2022,Netmatters,News,Web Design,"Each month, various departments recognise those employees who have excelled in their work and helped...",https://www.netmatters.co.uk/news/november-notables-2022
4,https://www.netmatters.co.uk/assets/images/thumbnails/thumb/business-development-account-zUub.jpg,Business Development Account Manager,Elliott Peacock,Careers,Bespoke Software,"Salary Range £35k+ per annum + Bonus + Benefits Hours 40 hours per week, Mon – Fri Location Wymondha...",https://www.netmatters.co.uk/our-careers/business-account-manager
5,https://www.netmatters.co.uk/assets/images/thumbnails/thumb/in-house-vs-outsourced-FXLI.png,In-House vs Outsourced Software Development,Netmatters,News,Bespoke Software,One of the most common dilemmas businesses face when embarking on a software development project is...,https://www.netmatters.co.uk/news/in-house-vs-outsourced-software-development
6,https://www.netmatters.co.uk/assets/images/thumbnails/thumb/the-green-team-UdOA.png,The Green Team Reducing Our Carbon Footprint...,Netmatters,Environmental News,Web Design,"At Netmatters, we are continuing to support carbon reduction and reforestation projects through our...",https://www.netmatters.co.uk/environmental-news/reducing-our-carbon-footprint-part-3
7,https://www.netmatters.co.uk/assets/images/thumbnails/thumb/transforming-a-business-nAKI.png,Transforming a Business With Bespoke Software...,Netmatters,Case Studies,Bespoke Software,"Transforming a Business With Bespoke Software - 1st Choice Insulations Case Study Norwich, Norfolk &...",https://www.netmatters.co.uk/case-studies/1st-choice-insulations-case-study
8,https://www.netmatters.co.uk/assets/images/thumbnails/thumb/peter-holmes-UEAH.jpg,Peter Holmes - Netmatters 5 Year Legend,Netmatters,News,Web Design,Netmatters would like to take this time to say a huge congratulations to Peter Holmes on gaining the...,https://www.netmatters.co.uk/news/peter-holmes-5-year-legend
9,https://www.netmatters.co.uk/uploads/article/3192/future-proofing-your-yObj.png,Future Proofing Your Business Communications...,Netmatters,Case Studies,Telecoms Services,"The Client As the market leaders in manufacturing bathroom accessories, Aqualona have been firmly es...",https://www.netmatters.co.uk/case-studies/aqualona-telecoms-case-study
10,https://www.netmatters.co.uk/assets/images/thumbnails/thumb/simon-wright-PPBG.jpg,Simon Wright - Netmatters 10 Year Hero,Netmatters,News,Web Design,Netmatters would like to congratulate Simon Wright on surpassing ‘Legend’ status and gaining the HER...,https://www.netmatters.co.uk/news/simon-wright-netmatters-10-year-hero
11,https://www.netmatters.co.uk/assets/images/thumbnails/thumb/3rd-line-support-z0wW.jpg,3rd Line Support Technician,Rob George,Careers,IT Support,"Salary Range Salary - Dependent on Experience Hours 40 hours per week, Monday - Friday Location Camb...",https://www.netmatters.co.uk/our-careers/3rd-line-support-technician
12,https://www.netmatters.co.uk/assets/images/thumbnails/thumb/2nd-line-support-epIA.jpg,2nd Line Support Technician,Rob George,Careers,IT Support,"Salary Range £28k-£36k + Bonuses + Pension Hours 40 hours per week, Monday - Friday Location Cambrid...",https://www.netmatters.co.uk/our-careers/2nd-line-support-technician
13,https://www.netmatters.co.uk/assets/images/thumbnails/thumb/new-business-executive-0FJQ.jpg,New Business Executive,Mark Reilly,Careers,Telecoms Services,"Salary Range £22,000 & OTE Hours 40 hours per week, Monday - Friday Location Wymondham, Norfolk/Part...",https://www.netmatters.co.uk/our-careers/new-business-executive
14,https://www.netmatters.co.uk/uploads/article/3185/october-notables-2022-Rd01.jpg,October Notables 2022,Netmatters,News,Digital Marketing,"Each month, various departments recognise those employees who have excelled in their work and helped...",https://www.netmatters.co.uk/news/october-notables-2022
15,https://www.netmatters.co.uk/assets/images/thumbnails/thumb/grants-available-for-Uqoq.jpg,Grants Available For Software Development,Netmatters,News,Bespoke Software,"Innovation, research, and development are essential elements of investment for any company, no matte...",https://www.netmatters.co.uk/news/grants-for-software-development
16,https://www.netmatters.co.uk/assets/images/thumbnails/thumb/tourism-leisure-1Siv.png,Tourism & Leisure - Increasing Revenue with a...,Netmatters,Case Studies,Digital Marketing,"The Client Searles Leisure Resort, on the beautiful North Norfolk coast, is an award-winning UK holi...",https://www.netmatters.co.uk/case-studies/searles-leisure-resort
17,https://www.netmatters.co.uk/assets/images/thumbnails/thumb/business-automation-take-SQIF.jpg,Business Automation: Take Your Business to th...,Netmatters,News,Bespoke Software,"In this article we explain everything you need to know about business automation, and why your busin...",https://www.netmatters.co.uk/news/business-automation-take-your-business-to-the-next-level
18,https://www.netmatters.co.uk/assets/images/thumbnails/thumb/6-steps-you-wOc3.jpg,6 Steps You Can Do to Make Your Website More...,Netmatters,News,Digital Marketing,Making your website visible on Google is one of the most important factors in getting leads through...,https://www.netmatters.co.uk/news/make-your-website-more-visible-to-google
19,https://www.netmatters.co.uk/assets/images/thumbnails/thumb/improving-efficiency-with-BLNT.jpg,Improving Efficiency With a Bespoke Software...,Netmatters,Case Studies,Bespoke Software,At Netmatters we have a proven track record of building software solutions that improves the efficie...,https://www.netmatters.co.uk/case-studies/warren-services-software-case-study
20,https://www.netmatters.co.uk/assets/images/thumbnails/thumb/off-the-shelf-vs-bespoke-Zq7Z.jpg,Off-The-Shelf vs Bespoke Software,Netmatters,News,Bespoke Software,"As a business owner, you may be considering the use of software to help drive efficiency, security,...",https://www.netmatters.co.uk/news/off-the-shelf-vs-bespoke-software
21,https://www.netmatters.co.uk/assets/images/thumbnails/thumb/using-both-seo-o1jv.jpg,Using Both SEO & PPC to Increase Revenue - Na...,Netmatters,Case Studies,Digital Marketing,Utilising both paid and organic channels is key to developing an effective digital marketing strateg...,https://www.netmatters.co.uk/case-studies/natures-grub-case-study
22,https://www.netmatters.co.uk/assets/images/thumbnails/thumb/black-swan-care-6PSO.jpg,Black Swan Care Group - Home Management Softw...,Netmatters,Case Studies,Bespoke Software,"When businesses have multiple processes, separate teams, and a high number of staff, managing the ad...",https://www.netmatters.co.uk/case-studies/black-swan-care-group-home-management-software
23,https://www.netmatters.co.uk/assets/images/thumbnails/thumb/september-notables-2022-nzFK.jpg,September Notables 2022,Netmatters,News,Web Design,"Each month, various departments recognise those employees who have excelled in their work and helped...",https://www.netmatters.co.uk/news/september-notables-2022
24,https://www.netmatters.co.uk/assets/images/thumbnails/thumb/what-is-the-aDYh.jpg,What Is The PSTN Switch Off?,Netmatters,News,Telecoms Services,The Public Switch Telephone Network (PSTN) is an aging phone network hosted in the UK that allows ca...,https://www.netmatters.co.uk/news/ptsn-switch-off
25,https://www.netmatters.co.uk/uploads/article/3139/the-green-team-nrlj.jpg,The Green Team Reducing Our Carbon Footprint...,Netmatters,News,Web Design,"Back in November 2021 we documented our fantastic Ecologi milestones, and we are happy to report tha...",https://www.netmatters.co.uk/news/reducing-our-carbon-footprint-part-2
26,https://www.netmatters.co.uk/assets/images/thumbnails/thumb/a-data-driven-marketing-Pzto.png,A Data-Driven Marketing Strategy - Hunt & Coo...,Netmatters,Case Studies,Digital Marketing,Digital marketing strategies based on data are central to everything we do. Collecting and reviewing...,https://www.netmatters.co.uk/case-studies/hunt-coombs-digital-case-study
27,https://www.netmatters.co.uk/assets/images/thumbnails/thumb/shopify-explained-why-O6x9.jpg,Shopify Explained: Why You Should be Building...,Netmatters,Technologies,Web Design,"Shopify is an all-in-one eCommerce website-building and design platform that allows users to start,...",https://www.netmatters.co.uk/technologies/why-you-should-be-building-your-e-commerce-site-on-shopify-in-2022
28,https://www.netmatters.co.uk/assets/images/thumbnails/thumb/chris-waldie-achieves-bprA.jpg,Chris Waldie - Netmatters 5 Year Legend,Netmatters,News,IT Support,The Netmatters team would like to congratulate Chris Waldie on joining our ever-growing list of 'Leg...,https://www.netmatters.co.uk/news/chris-waldie-achieves-long-service-award
29,https://www.netmatters.co.uk/assets/images/thumbnails/thumb/ashcroft-partnership-jZJV.png,Ashcroft Partnership - Website Build,Netmatters,Case Studies,Web Design,"We are committed to partnering with our clients to help build, design, and develop websites that del...",https://www.netmatters.co.uk/case-studies/ashcroft-partnership
30,https://www.netmatters.co.uk/uploads/article/3097/august-notables-2022-D4z2.jpg,August Notables 2022,Netmatters,News,Web Design,"Each month, various departments recognize those employees who have excelled in their work and helped...",https://www.netmatters.co.uk/august-noteables-2022
31,https://www.netmatters.co.uk/assets/images/thumbnails/thumb/how-to-manage-4Z4i.jpg,How to Manage Your Business on Mobile,Netmatters,News,Telecoms Services,"Gone are the days when all business admin and management is done on a computer, your mobile phone is...",https://www.netmatters.co.uk/how-to-manage-your-business-on-mobile
32,https://www.netmatters.co.uk/assets/images/thumbnails/thumb/adam-greer-achieves-Iq1u.jpg,Adam Greer Achieves Long Service Award,Netmatters,News,Web Design,"We’re celebrating Adam Greer this month for surpassing ‘Legend’ status, as he levels up to a Netmatt…",https://www.netmatters.co.uk/adam-greer-achieves-long-service-award
33,https://www.netmatters.co.uk/assets/images/thumbnails/thumb/5-reasons-why-DFXS.jpg,5 Reasons Why You Need a Bespoke Website,Netmatters,News,Web Design,What Is a Bespoke Website? A bespoke website is simply one that is created entirely to maximise your…,https://www.netmatters.co.uk/5-reasons-why-you-need-a-bespoke-website
34,https://www.netmatters.co.uk/assets/images/thumbnails/thumb/how-to-benefit-Rc6p.jpg,How to Benefit From Data Insights,Netmatters,News,Digital Marketing,What Are Data Insights and How You Can Analyse Your Data? Data insights are very powerful when it co…,https://www.netmatters.co.uk/how-to-benefit-from-data-insights
35,https://www.netmatters.co.uk/assets/images/thumbnails/thumb/july-notables-2022-Xt9c.jpg,July Notables 2022,Netmatters,News,Web Design,"Each month, various departments recognise those employees who have excelled in their work and helped…",https://www.netmatters.co.uk/july-notables-2022
36,https://www.netmatters.co.uk/assets/images/thumbnails/thumb/the-risks-of-kEsp.jpg,The Risks Of Not Being Cookie Compliant,Netmatters,News,Web Design,Are You Cookie Compliant? We’ve all heard of website cookies. Most people understand the premise of...,https://www.netmatters.co.uk/the-risks-of-not-being-cookie-compliant
